{
    "activeSheet": "Sheet1",
    "sheets": [
      {
        "name": "Sheet1",
        "rows": [
          {
            "index": 0,
            "cells": [
              {
                "value": "Column 1",
                "color": "#272d37",
                "bold": true,
                "verticalAlign": "top",
                "wrap": true,
                "index": 0
              },
              {
                "value": "Column 2",
                "color": "#ea157a",
                "bold": true,
                "verticalAlign": "top",
                "wrap": true,
                "index": 1
              },
              {
                "value": "Column 3",
                "color": "#feb80a",
                "verticalAlign": "top",
                "wrap": true,
                "index": 2
              },
              {
                "value": "Column 4",
                "color": "#00addc",
                "bold": true,
                "verticalAlign": "top",
                "wrap": true,
                "index": 3
              },
              {
                "value": "Column 5",
                "color": "#425ea9",
                "bold": true,
                "verticalAlign": "top",
                "wrap": true,
                "index": 4
              },
              {
                "value": "Column 6",
                "color": "#1ab39f",
                "bold": true,
                "verticalAlign": "top",
                "wrap": true,
                "index": 5
              },
              {
                "value": "Total",
                "color": "#fb1033",
                "bold": true,
                "verticalAlign": "top",
                "wrap": true,
                "index": 6
              }
            ]
          },
          {
            "index": 1,
            "height": 32,
            "cells": [
              {
                "format": "#",
                "value": 12,
                "verticalAlign": "top",
                "wrap": true,
                "index": 0
              },
              {
                "format": "#",
                "value": 13,
                "verticalAlign": "top",
                "wrap": true,
                "index": 1
              },
              {
                "format": "#",
                "value": 14,
                "verticalAlign": "top",
                "wrap": true,
                "index": 2
              },
              {
                "format": "#",
                "value": 15,
                "verticalAlign": "top",
                "wrap": true,
                "index": 3
              },
              {
                "format": "#",
                "value": 16,
                "verticalAlign": "top",
                "wrap": true,
                "index": 4
              },
              {
                "format": "#",
                "value": 17,
                "verticalAlign": "top",
                "wrap": true,
                "index": 5
              },
              {
                "value": 87,
                "formula": "Sum(A2:F2)",
                "background": "#b2e389",
                "color": "#000000",
                "bold": true,
                "verticalAlign": "top",
                "wrap": true,
                "index": 6
              }
            ]
          },
          {
            "index": 2,
            "height": 32,
            "cells": [
              {
                "value": "100",
                "background": "#5fe7d5",
                "bold": true,
                "verticalAlign": "top",
                "wrap": true,
                "index": 0,
                "IsApiCell": true
              },
              {
                "verticalAlign": "top",
                "wrap": true,
                "index": 1
              },
              {
                "verticalAlign": "top",
                "wrap": true,
                "enable": false,
                "index": 2
              },
              {
                "value": "8",
                "bold": true,
                "verticalAlign": "top",
                "wrap": true,
                "index": 3,
                "IsApiCell": true
              },
              {
                "verticalAlign": "top",
                "wrap": true,
                "index": 4
              },
              {
                "verticalAlign": "top",
                "wrap": true,
                "index": 5
              },
              {
                "value": 97,
                "formula": "G2+10",
                "background": "#b2e389",
                "verticalAlign": "top",
                "wrap": true,
                "index": 6
              }
            ]
          },
          {
            "index": 3,
            "height": 32,
            "cells": [
              {
                "verticalAlign": "top",
                "wrap": true,
                "index": 0
              },
              {
                "verticalAlign": "top",
                "wrap": true,
                "index": 1
              },
              {
                "value": "50",
                "bold": true,
                "verticalAlign": "top",
                "wrap": true,
                "index": 2,
                "IsApiCell": true
              },
              {
                "verticalAlign": "top",
                "wrap": true,
                "index": 3
              },
              {
                "value": "11",
                "bold": true,
                "verticalAlign": "top",
                "wrap": true,
                "index": 4,
                "IsApiCell": true
              },
              {
                "verticalAlign": "top",
                "wrap": true,
                "index": 5
              },
              {
                "verticalAlign": "top",
                "wrap": true,
                "index": 6
              }
            ]
          },
          {
            "index": 4,
            "cells": [
              {
                "background": "#a7d6ff",
                "verticalAlign": "top",
                "wrap": true,
                "index": 0
              },
              {
                "value": "200",
                "background": "#8d9baf",
                "bold": true,
                "verticalAlign": "top",
                "wrap": true,
                "index": 1,
                "IsApiCell": true
              },
              {
                "background": "#b2e389",
                "bold": true,
                "verticalAlign": "top",
                "wrap": true,
                "index": 2
              },
              {
                "value": "9",
                "background": "#f272af",
                "bold": true,
                "verticalAlign": "top",
                "wrap": true,
                "index": 3,
                "IsApiCell": true
              },
              {
                "background": "#fed46b",
                "bold": true,
                "verticalAlign": "top",
                "wrap": true,
                "index": 4
              },
              {
                "background": "#aab8de",
                "bold": true,
                "verticalAlign": "top",
                "wrap": true,
                "index": 5
              },
              {
                "verticalAlign": "top",
                "wrap": true,
                "index": 6
              }
            ]
          },
          {
            "index": 5,
            "height": 32,
            "cells": [
              {
                "verticalAlign": "top",
                "wrap": true,
                "index": 0
              },
              {
                "verticalAlign": "top",
                "wrap": true,
                "index": 1
              },
              {
                "value": "6",
                "bold": true,
                "verticalAlign": "top",
                "wrap": true,
                "index": 2,
                "IsApiCell": true
              },
              {
                "verticalAlign": "top",
                "wrap": true,
                "index": 3
              },
              {
                "verticalAlign": "top",
                "wrap": true,
                "index": 4
              },
              {
                "value": "12",
                "bold": true,
                "verticalAlign": "top",
                "wrap": true,
                "index": 5,
                "IsApiCell": true
              },
              {
                "verticalAlign": "top",
                "wrap": true,
                "index": 6
              }
            ]
          },
          {
            "index": 6,
            "height": 32,
            "cells": [
              {
                "value": "300",
                "bold": true,
                "verticalAlign": "top",
                "wrap": true,
                "index": 0,
                "IsApiCell": true
              },
              {
                "verticalAlign": "top",
                "wrap": true,
                "index": 1
              },
              {
                "verticalAlign": "top",
                "wrap": true,
                "index": 2
              },
              {
                "value": "10",
                "bold": true,
                "verticalAlign": "top",
                "wrap": true,
                "index": 3,
                "IsApiCell": true
              },
              {
                "verticalAlign": "top",
                "wrap": true,
                "index": 4
              },
              {
                "verticalAlign": "top",
                "wrap": true,
                "enable": false,
                "index": 5
              },
              {
                "verticalAlign": "top",
                "wrap": true,
                "index": 6
              }
            ]
          },
          {
            "index": 7,
            "cells": [
              {
                "verticalAlign": "top",
                "wrap": true,
                "index": 0
              },
              {
                "value": "400",
                "bold": true,
                "verticalAlign": "top",
                "wrap": true,
                "index": 1,
                "IsApiCell": true
              },
              {
                "value": "7",
                "background": "#feb80a",
                "bold": true,
                "verticalAlign": "top",
                "wrap": true,
                "index": 2,
                "IsApiCell": true
              },
              {
                "verticalAlign": "top",
                "wrap": true,
                "index": 3
              },
              {
                "verticalAlign": "top",
                "wrap": true,
                "index": 4
              },
              {
                "verticalAlign": "top",
                "wrap": true,
                "index": 5
              },
              {
                "verticalAlign": "top",
                "wrap": true,
                "index": 6
              }
            ]
          },
          {
            "index": 8,
            "cells": [
              {
                "value": 12,
                "formula": "Sum(A2:A8)",
                "bold": true,
                "verticalAlign": "top",
                "wrap": true,
                "index": 0
              },
              {
                "value": 13,
                "formula": "Sum(B2:B8)",
                "background": "#425ea9",
                "bold": true,
                "verticalAlign": "top",
                "wrap": true,
                "index": 1
              },
              {
                "value": 14,
                "formula": "Sum(C2:C8)",
                "bold": true,
                "verticalAlign": "top",
                "wrap": true,
                "index": 2
              },
              {
                "value": 15,
                "formula": "Sum(D2:D8)",
                "bold": true,
                "verticalAlign": "top",
                "wrap": true,
                "index": 3
              },
              {
                "value": 16,
                "formula": "Sum(E2:E8)",
                "background": "#007dea",
                "bold": true,
                "verticalAlign": "top",
                "wrap": true,
                "index": 4
              },
              {
                "value": 17,
                "formula": "Sum(F2:F8)",
                "background": "#3e9182",
                "bold": true,
                "verticalAlign": "top",
                "wrap": true,
                "index": 5
              },
              {
                "verticalAlign": "top",
                "wrap": true,
                "index": 6
              }
            ]
          }
        ],
        "columns": [],
        "selection": "",
        "activeCell": "A1:A1",
        "frozenRows": 0,
        "frozenColumns": 0,
        "showGridLines": true,
        "gridLinesColor": null,
        "mergedCells": [],
        "hyperlinks": [],
        "defaultCellStyle": {
          "fontFamily": "Arial",
          "fontSize": "12"
        }
      }
    ],
    "names": [],
    "columnWidth": 64,
    "rowHeight": 20
  }